id;primer_nombre;segundo_nombre;apellidos;numero_documento;codigo_estudiantil;celular;email;tipo_documento_id;proyecto_id
1;withdrawal primary Fiji;Castilla;Apartamento;Rua incremental ADP;Multi Interno;PCI reintermediate;MaradelCarmen_Ferrer@yahoo.com;1;1
2;Integración generate Dirham;metrics AGP;Salchichas Interno Arquitecto;Cliente e-tailers;vertical Cambridgeshire;relationships Opcional;Emilio6@yahoo.com;2;2
3;deposit matrix bypass;hibrida Extendido Director;back-end;metrics;Factores indexing Torrente;algoritmo Account;Carolina_Acua47@hotmail.com;3;3
4;Raton Metal;Glorieta;connecting;engineer;array;intangible matrix;Ignacio0@hotmail.com;4;4
5;definición;Ingeniero Terrenos arquitectura;Multi;Versatil Metal;Hormigon homogénea auxiliary;Parque transicional;Elvira_Villalobos@hotmail.com;5;5
6;terciaria;solutions Investigación;networks cross-platform haptic;XML Avon Relacciones;productize;Implementación Adaptativo objetos;MaraTeresa.Casarez@yahoo.com;6;6
7;Moldavia Regional;Paseo initiatives;Re-implementado;Pizza proyecto transicional;granular Técnico up;quantify Canarias;Alejandro.Espinal@yahoo.com;7;7
8;haptic array;open-source circuito matrix;bluetooth;Dollar;Mongolia Toallas auxiliary;Soluciones Card;Ramn_Rico85@yahoo.com;8;8
9;Inverso TCP methodologies;Distrito virtual;recontextualize Informática;misión Ergonómico Analista;Bebes;backing Jefe;MaradelCarmen18@hotmail.com;9;9
10;synergies Borders compressing;backing Loan implementación;Galicia Genérico incremental;Configurable Botswana Bicicleta;Calleja cohesiva Virtual;transmit;Cristina47@gmail.com;10;10
