id;primer_nombre;segundo_nombre;apellidos;email;telefono
1;Buckinghamshire;Atún 5th Implementación;models web-enabled Plástico;JulioCsar_Villagmez@yahoo.com;Increible
2;parsing Money;quantifying;payment quantify;Nicols_Archuleta40@gmail.com;Bermuda convergence Andalucía
3;Ergonómico B2B Marca;Ergonómico value-added Ladrillo;Pescado deposit;Blanca57@hotmail.com;Subida hibrida
4;impactful Inversor turn-key;Account Navarra PNG;Iranian;Ester87@gmail.com;infomediaries Artesanal
5;hacking conglomeración;SQL Refinado leverage;Salchichas;JosEmilio_Lomeli18@hotmail.com;synthesizing clicks-and-mortar Informática
6;Automatizado;Asistente servidor;index;Dorotea53@gmail.com;desafío EXE Irak
7;Verde Guapo utilización;Negro Loan panel;Parcela;JulioCsar.Sevilla@hotmail.com;24/365 mesh 4th
8;auxiliary bluetooth SSL;Borders Luxemburgo real-time;International;Victoria68@gmail.com;Deportes
9;Personal Checking Verde;Salud solución;Guantes;Estela65@gmail.com;Subida Verde
10;index CFP convergence;implement relationships;Home programming;Rosa81@gmail.com;bypassing Ladrillo reboot
